date	Open	Closed
2017-10-19	15	0
2017-10-20	18	1
2017-10-21	19	1
2017-10-22	20	1
2017-10-23	20	1
2017-10-24	20	1
2017-10-25	21	3
2017-10-26	22	3
2017-10-27	23	3
2017-10-28	23	3
2017-10-29	23	3
2017-10-30	23	3
2017-10-31	23	3
2017-11-01	23	3
2017-11-02	23	3
2017-11-03	23	3
2017-11-04	23	3
2017-11-05	23	3
2017-11-06	23	3
2017-11-07	23	3
2017-11-08	23	3
2017-11-09	23	3
2017-11-10	23	3
2017-11-11	23	3
2017-11-12	23	3
2017-11-13	23	3
2017-11-14	23	3
2017-11-15	23	3
2017-11-16	23	3
2017-11-17	23	3
2017-11-18	23	3
2017-11-19	23	3
2017-11-20	23	3
2017-11-21	23	3
2017-11-22	23	3
2017-11-23	23	3
2017-11-24	23	3
2017-11-25	23	3
2017-11-26	23	3
2017-11-27	23	3
2017-11-28	23	3
2017-11-29	23	3
2017-11-30	23	3
2017-12-01	23	3
2017-12-02	23	3
2017-12-03	23	3
2017-12-04	23	3
2017-12-05	23	3
2017-12-06	23	3
2017-12-07	23	3
2017-12-08	23	3
2017-12-09	23	3
2017-12-10	23	3
2017-12-11	23	3
2017-12-12	23	3
2017-12-13	23	3
2017-12-14	23	3
2017-12-15	23	3
2017-12-16	23	3
2017-12-17	23	3
2017-12-18	23	3
2017-12-19	23	3
2017-12-20	23	3
2017-12-21	23	3
2017-12-22	23	3
2017-12-23	23	3
2017-12-24	23	3
2017-12-25	23	3
2017-12-26	23	3
2017-12-27	23	3
2017-12-28	23	3
2017-12-29	23	3
2017-12-30	23	6
2017-12-31	23	6
2018-01-01	23	6
2018-01-02	23	6
2018-01-03	23	6
2018-01-04	23	6
2018-01-05	23	6
2018-01-06	23	6
2018-01-07	23	6
2018-01-08	24	6
2018-01-09	24	6
2018-01-10	24	6
2018-01-11	26	6
2018-01-12	26	6
2018-01-13	26	6
2018-01-14	26	6
2018-01-15	23	9
2018-01-16	23	9
2018-01-17	23	9
2018-01-18	23	9
2018-01-19	23	9
2018-01-20	23	9
2018-01-21	23	9
2018-01-22	23	9
2018-01-23	23	10
2018-01-24	22	11
2018-01-25	22	11
2018-01-26	21	12
2018-01-27	21	12
2018-01-28	28	13
2018-01-29	29	14
2018-01-30	29	14
2018-01-31	31	17
2018-02-01	30	18
2018-02-02	38	18
2018-02-03	38	18
2018-02-04	38	18
2018-02-05	38	18
2018-02-06	38	19
2018-02-07	42	19
2018-02-08	42	20
2018-02-09	44	20
2018-02-10	45	20
2018-02-11	45	20
2018-02-12	45	20
2018-02-13	46	20
2018-02-14	46	20
2018-02-15	48	21
2018-02-16	46	23
2018-02-17	46	26
2018-02-18	46	28
2018-02-19	51	28
2018-02-20	54	29
2018-02-21	54	29
2018-02-22	55	29
2018-02-23	54	30
2018-02-24	56	30
2018-02-25	56	30
2018-02-26	57	30
2018-02-27	56	31
2018-02-28	58	31
2018-03-01	58	31
2018-03-02	59	32
2018-03-03	60	32
2018-03-04	60	32
2018-03-05	67	32
2018-03-06	67	34
2018-03-07	67	34
2018-03-08	67	34
2018-03-09	66	35
2018-03-10	66	35
2018-03-11	66	35
2018-03-12	68	35
2018-03-13	70	35
2018-03-14	70	35
2018-03-15	70	35
2018-03-16	69	36
2018-03-17	69	36
2018-03-18	69	36
2018-03-19	69	36
2018-03-20	69	36
2018-03-21	70	36
2018-03-22	70	36
2018-03-23	70	36
2018-03-24	70	36
2018-03-25	70	36
2018-03-26	70	36
2018-03-27	70	36
2018-03-28	70	36
2018-03-29	70	36
2018-03-30	73	36
2018-03-31	72	38
2018-04-01	68	42
2018-04-02	67	43
2018-04-03	66	44
2018-04-04	68	44
2018-04-05	68	44
2018-04-06	68	44
2018-04-07	64	48
2018-04-08	64	48
2018-04-09	64	48
2018-04-10	64	48
2018-04-11	65	48
2018-04-12	65	49
2018-04-13	65	49
2018-04-14	65	49
2018-04-15	68	50
2018-04-16	69	50
2018-04-17	68	51
2018-04-18	69	51
2018-04-19	68	52
2018-04-20	68	52
2018-04-21	70	52
2018-04-22	70	52
2018-04-23	70	52
2018-04-24	70	52
2018-04-25	71	52
2018-04-26	70	53
2018-04-27	70	53
2018-04-28	71	53
2018-04-29	72	53
2018-04-30	71	54
2018-05-01	71	54
2018-05-02	71	54
2018-05-03	71	54
2018-05-04	72	54
2018-05-05	71	55
2018-05-06	71	55
2018-05-07	72	55
2018-05-08	72	55
2018-05-09	72	55
2018-05-10	72	55
2018-05-11	73	55
2018-05-12	73	55
2018-05-13	73	55
2018-05-14	73	55
2018-05-15	73	55
2018-05-16	73	55
2018-05-17	73	55
2018-05-18	75	55
2018-05-19	75	55
2018-05-20	76	55
2018-05-21	72	59
2018-05-22	76	59
2018-05-23	76	59
2018-05-24	75	60
2018-05-25	77	60
2018-05-26	78	60
2018-05-27	85	60
2018-05-28	85	60
2018-05-29	84	61
2018-05-30	84	61
2018-05-31	84	61
2018-06-01	84	61
2018-06-02	84	61
2018-06-03	85	61
2018-06-04	85	61
2018-06-05	85	61
2018-06-06	85	61
2018-06-07	85	61
2018-06-08	85	61
2018-06-09	85	61
2018-06-10	87	61
2018-06-11	87	61
2018-06-12	87	61
2018-06-13	87	61
2018-06-14	85	63
2018-06-15	85	63
2018-06-16	85	63
2018-06-17	86	63
2018-06-18	89	63
2018-06-19	90	63
2018-06-20	88	66
2018-06-21	88	66
2018-06-22	88	66
2018-06-23	88	66
2018-06-24	88	66
2018-06-25	88	66
2018-06-26	89	66
2018-06-27	89	66
2018-06-28	89	66
2018-06-29	89	66
2018-06-30	89	66
2018-07-01	89	66
2018-07-02	89	66
2018-07-03	89	66
2018-07-04	89	66
2018-07-05	89	66
2018-07-06	89	66
2018-07-07	89	66
2018-07-08	89	66
2018-07-09	88	67
2018-07-10	88	67
2018-07-11	89	67
2018-07-12	90	67
2018-07-13	90	67
2018-07-14	90	67
2018-07-15	89	68
2018-07-16	88	69
2018-07-17	88	69
2018-07-18	88	69
2018-07-19	88	69
2018-07-20	88	69
2018-07-21	88	69
2018-07-22	88	69
2018-07-23	88	69
2018-07-24	88	69
2018-07-25	88	69
2018-07-26	88	69
2018-07-27	88	69
2018-07-28	88	69
2018-07-29	88	69
2018-07-30	88	69
2018-07-31	88	69
2018-08-01	88	70
2018-08-02	88	70
2018-08-03	89	70
2018-08-04	89	70
2018-08-05	89	70
2018-08-06	89	70
2018-08-07	89	70
2018-08-08	89	70
2018-08-09	89	70
2018-08-10	89	70
2018-08-11	89	70
2018-08-12	89	70
2018-08-13	89	70
2018-08-14	90	70
2018-08-15	89	71
2018-08-16	94	72
2018-08-17	94	72
2018-08-18	95	72
2018-08-19	95	72
2018-08-20	95	72
2018-08-21	95	72
2018-08-22	95	72
2018-08-23	95	72
2018-08-24	95	72
2018-08-25	95	72
2018-08-26	95	72
2018-08-27	95	72
2018-08-28	96	72
2018-08-29	97	72
2018-08-30	98	72
2018-08-31	98	72
2018-09-01	95	75
2018-09-02	96	75
2018-09-03	97	75
2018-09-04	98	76
2018-09-05	99	76
2018-09-06	98	77
2018-09-07	100	77
2018-09-08	100	77
2018-09-09	101	78
2018-09-10	101	78
2018-09-11	101	78
2018-09-12	101	78
2018-09-13	101	78
2018-09-14	101	78
2018-09-15	101	78
2018-09-16	100	79
2018-09-17	100	79
2018-09-18	100	79
2018-09-19	100	79
2018-09-20	100	79
2018-09-21	100	80
2018-09-22	100	80
2018-09-23	102	80
2018-09-24	101	81
2018-09-25	101	81
2018-09-26	101	81
2018-09-27	102	81
2018-09-28	102	81
2018-09-29	103	81
2018-09-30	103	81
2018-10-01	103	81
2018-10-02	103	81
2018-10-03	103	81
2018-10-04	103	81
2018-10-05	103	81
2018-10-06	103	81
2018-10-07	103	81
2018-10-08	103	81
2018-10-09	103	81
2018-10-10	103	81
2018-10-11	103	81
2018-10-12	103	81
2018-10-13	103	81
2018-10-14	103	81
2018-10-15	103	82
2018-10-16	103	82
2018-10-17	103	82
2018-10-18	104	82
2018-10-19	104	82
2018-10-20	104	82
2018-10-21	103	83
2018-10-22	104	83
2018-10-23	105	83
2018-10-24	105	83
2018-10-25	105	83
2018-10-26	106	83
2018-10-27	106	83
2018-10-28	106	83
2018-10-29	106	83
2018-10-30	106	83
2018-10-31	106	83
2018-11-01	106	83
2018-11-02	106	83
2018-11-03	106	83
2018-11-04	106	83
2018-11-05	106	83
2018-11-06	108	85
2018-11-07	108	86
2018-11-08	110	86
2018-11-09	111	86
2018-11-10	111	86
2018-11-11	108	90
2018-11-12	108	91
2018-11-13	109	91
2018-11-14	109	91
2018-11-15	109	91
2018-11-16	109	91
2018-11-17	109	91
2018-11-18	109	91
2018-11-19	110	91
2018-11-20	110	91
2018-11-21	110	91
2018-11-22	110	91
2018-11-23	110	91
2018-11-24	111	91
2018-11-25	111	91
2018-11-26	111	91
2018-11-27	111	91
2018-11-28	112	91
2018-11-29	113	91
2018-11-30	113	91
2018-12-01	113	91
2018-12-02	113	91
2018-12-03	113	91
2018-12-04	113	91
2018-12-05	113	91
2018-12-06	113	91
2018-12-07	113	91
2018-12-08	111	93
2018-12-09	111	93
2018-12-10	110	95
2018-12-11	110	95
2018-12-12	110	95
2018-12-13	111	95
2018-12-14	113	95
2018-12-15	114	96
2018-12-16	114	96
2018-12-17	114	96
2018-12-18	114	96
2018-12-19	114	96
2018-12-20	114	96
2018-12-21	115	96
2018-12-22	115	96
2018-12-23	112	99
2018-12-24	113	99
2018-12-25	113	99
2018-12-26	113	99
2018-12-27	113	99
2018-12-28	113	99
2018-12-29	113	99
2018-12-30	113	99
2018-12-31	113	99
2019-01-01	113	99
2019-01-02	113	99
2019-01-03	113	99
2019-01-04	113	99
2019-01-05	113	99
2019-01-06	114	99
2019-01-07	114	99
2019-01-08	114	99
2019-01-09	115	99
2019-01-10	116	99
2019-01-11	116	99
2019-01-12	116	99
2019-01-13	116	99
2019-01-14	116	99
2019-01-15	116	99
2019-01-16	116	99
2019-01-17	116	99
2019-01-18	116	99
2019-01-19	116	99
2019-01-20	116	99
2019-01-21	116	99
2019-01-22	117	99
2019-01-23	117	99
2019-01-24	117	99
2019-01-25	117	99
2019-01-26	117	99
2019-01-27	117	99
2019-01-28	117	99
2019-01-29	117	99
2019-01-30	117	99
2019-01-31	117	99
2019-02-01	117	99
2019-02-02	117	99
2019-02-03	117	99
2019-02-04	117	99
2019-02-05	117	99
2019-02-06	117	99
2019-02-07	117	99
2019-02-08	117	99
2019-02-09	117	99
2019-02-10	118	99
2019-02-11	118	99
2019-02-12	118	99
2019-02-13	118	99
2019-02-14	118	99
2019-02-15	118	99
2019-02-16	118	99
2019-02-17	118	99
2019-02-18	118	99
2019-02-19	118	99
2019-02-20	118	99
2019-02-21	118	99
2019-02-22	119	99
2019-02-23	119	99
2019-02-24	116	103
2019-02-25	116	103
2019-02-26	116	103
2019-02-27	116	103
2019-02-28	115	105
2019-03-01	116	105
2019-03-02	116	105
2019-03-03	116	105
2019-03-04	116	105
2019-03-05	116	105
2019-03-06	116	105
2019-03-07	116	105
2019-03-08	116	105
2019-03-09	116	105
2019-03-10	116	105
2019-03-11	113	108
2019-03-12	113	108
2019-03-13	114	109
2019-03-14	114	109
2019-03-15	114	109
2019-03-16	114	109
2019-03-17	114	109
2019-03-18	114	109
2019-03-19	114	109
2019-03-20	114	109
2019-03-21	114	109
2019-03-22	114	109
2019-03-23	115	109
2019-03-24	116	109
2019-03-25	120	109
2019-03-26	121	109
2019-03-27	121	109
2019-03-28	121	109
2019-03-29	124	109
2019-03-30	130	109
2019-03-31	130	109
2019-04-01	132	109
2019-04-02	131	110
2019-04-03	131	110
2019-04-04	131	110
2019-04-05	131	110
2019-04-06	131	110
2019-04-07	131	110
2019-04-08	131	110
2019-04-09	131	110
2019-04-10	131	110
2019-04-11	131	110
2019-04-12	131	110
2019-04-13	131	110
2019-04-14	131	110
2019-04-15	132	110
2019-04-16	132	110
2019-04-17	132	110
2019-04-18	132	110
2019-04-19	132	110
2019-04-20	132	110
2019-04-21	132	110
2019-04-22	132	110
2019-04-23	133	110
2019-04-24	133	110
2019-04-25	133	110
2019-04-26	133	110
2019-04-27	134	110
2019-04-28	134	110
2019-04-29	133	111
2019-04-30	133	111
2019-05-01	133	111
2019-05-02	133	111
2019-05-03	133	111
2019-05-04	133	111
2019-05-05	133	111
2019-05-06	133	111
2019-05-07	133	111
2019-05-08	133	111
2019-05-09	133	111
2019-05-10	133	111
2019-05-11	133	111
2019-05-12	133	111
2019-05-13	133	111
2019-05-14	133	111
2019-05-15	133	111
2019-05-16	133	111
2019-05-17	133	111
2019-05-18	133	111
2019-05-19	133	111
2019-05-20	133	111
2019-05-21	133	111
2019-05-22	133	111
2019-05-23	133	111
2019-05-24	133	111
2019-05-25	133	111
2019-05-26	133	111
2019-05-27	133	111
2019-05-28	134	111
2019-05-29	134	111
2019-05-30	134	111
2019-05-31	133	112
2019-06-01	133	112
2019-06-02	133	112
2019-06-03	133	112
2019-06-04	134	112
2019-06-05	134	112
2019-06-06	134	112
2019-06-07	134	112
2019-06-08	134	112
2019-06-09	134	112
2019-06-10	134	112
2019-06-11	134	112
2019-06-12	134	112
2019-06-13	134	112
2019-06-14	134	112
2019-06-15	134	112
2019-06-16	134	112
2019-06-17	134	112
2019-06-18	134	112
2019-06-19	134	112
2019-06-20	134	112
2019-06-21	134	112
2019-06-22	134	112
2019-06-23	134	112
2019-06-24	134	112
2019-06-25	134	112
2019-06-26	134	112
2019-06-27	134	112
2019-06-28	134	112
2019-06-29	135	112
2019-06-30	135	112
2019-07-01	135	112
2019-07-02	135	113
2019-07-03	135	113
2019-07-04	135	113
2019-07-05	135	113
2019-07-06	135	113
2019-07-07	135	113
2019-07-08	135	113
2019-07-09	135	113
2019-07-10	135	113
2019-07-11	135	113
2019-07-12	135	113
2019-07-13	135	113
2019-07-14	135	113
2019-07-15	135	113
2019-07-16	135	113
2019-07-17	135	113
2019-07-18	135	113
2019-07-19	135	113
2019-07-20	135	113
2019-07-21	135	113
2019-07-22	135	113
2019-07-23	135	113
2019-07-24	136	113
2019-07-25	135	114
2019-07-26	135	114
2019-07-27	135	114
2019-07-28	138	114
2019-07-29	134	120
2019-07-30	135	120
2019-07-31	135	120
2019-08-01	136	120
2019-08-02	136	120
2019-08-03	136	120
2019-08-04	136	120
2019-08-05	136	120
2019-08-06	138	120
2019-08-07	138	120
2019-08-08	138	120
2019-08-09	138	120
2019-08-10	138	120
2019-08-11	138	120
2019-08-12	138	120
2019-08-13	138	120
2019-08-14	138	120
2019-08-15	138	120
2019-08-16	138	120
2019-08-17	138	120
2019-08-18	138	120
2019-08-19	138	120
2019-08-20	138	120
2019-08-21	137	121
2019-08-22	137	121
2019-08-23	136	122
2019-08-24	137	122
2019-08-25	138	122
2019-08-26	138	122
2019-08-27	138	122
2019-08-28	138	122
2019-08-29	138	122
2019-08-30	138	122
2019-08-31	138	122
2019-09-01	138	122
2019-09-02	138	122
2019-09-03	138	122
2019-09-04	138	122
2019-09-05	139	122
2019-09-06	140	122
2019-09-07	140	122
2019-09-08	140	122
2019-09-09	140	122
2019-09-10	140	122
2019-09-11	140	122
2019-09-12	140	122
2019-09-13	140	122
2019-09-14	140	122
2019-09-15	140	122
2019-09-16	140	122
2019-09-17	140	122
2019-09-18	140	122
2019-09-19	140	122
2019-09-20	140	122
2019-09-21	140	122
2019-09-22	140	122
2019-09-23	140	122
2019-09-24	140	122
2019-09-25	140	122
2019-09-26	140	122
2019-09-27	140	122
2019-09-28	140	122
2019-09-29	140	122
2019-09-30	140	122
2019-10-01	140	122
2019-10-02	140	122
2019-10-03	140	122
2019-10-04	140	122
2019-10-05	140	122
2019-10-06	140	122
2019-10-07	140	122
2019-10-08	140	122
2019-10-09	140	122
2019-10-10	140	122
2019-10-11	140	122
2019-10-12	140	122
2019-10-13	140	122
2019-10-14	140	122
2019-10-15	140	122
2019-10-16	140	122
2019-10-17	140	122
2019-10-18	140	122
2019-10-19	140	122
2019-10-20	140	122
2019-10-21	140	122
2019-10-22	140	122
2019-10-23	140	122
2019-10-24	140	122
2019-10-25	140	122
2019-10-26	140	122
2019-10-27	140	122
2019-10-28	140	122
2019-10-29	140	122
2019-10-30	140	122
2019-10-31	140	122
2019-11-01	140	122
2019-11-02	140	122
2019-11-03	140	122
2019-11-04	140	122
2019-11-05	140	122
2019-11-06	140	122
2019-11-07	140	122
2019-11-08	140	122
2019-11-09	140	122
2019-11-10	140	122
2019-11-11	140	122
2019-11-12	140	122
2019-11-13	140	122
2019-11-14	140	122
2019-11-15	140	122
2019-11-16	141	122
2019-11-17	141	122
2019-11-18	141	122
2019-11-19	141	122
2019-11-20	141	122
2019-11-21	141	122
2019-11-22	141	122
2019-11-23	141	122
2019-11-24	141	122
2019-11-25	141	122
2019-11-26	141	122
2019-11-27	141	122
2019-11-28	141	122
2019-11-29	141	122
2019-11-30	141	122
2019-12-01	141	122
2019-12-02	141	122
2019-12-03	141	122
2019-12-04	141	122
2019-12-05	141	122
2019-12-06	141	122
2019-12-07	141	122
2019-12-08	141	122
2019-12-09	141	122
2019-12-10	142	122
2019-12-11	142	122
2019-12-12	142	122
2019-12-13	142	122
2019-12-14	142	122
2019-12-15	142	122
2019-12-16	142	122
2019-12-17	142	122
2019-12-18	142	122
2019-12-19	142	122
2019-12-20	142	122
2019-12-21	142	122
2019-12-22	143	122
2019-12-23	143	122
2019-12-24	143	122
2019-12-25	143	123
2019-12-26	143	123
2019-12-27	145	123
2019-12-28	146	123
2019-12-29	146	123
2019-12-30	146	123
2019-12-31	147	123
2020-01-01	148	123
2020-01-02	148	123
2020-01-03	148	123
2020-01-04	148	123
2020-01-05	153	127
2020-01-06	153	127
2020-01-07	151	129
2020-01-08	152	129
2020-01-09	153	129
2020-01-10	153	129
2020-01-11	153	129
2020-01-12	152	130
2020-01-13	153	136
2020-01-14	154	136
2020-01-15	157	136
2020-01-16	158	136
2020-01-17	159	136
2020-01-18	159	137
2020-01-19	163	137
2020-01-20	161	140
2020-01-21	163	140
2020-01-22	163	140
2020-01-23	164	140
2020-01-24	164	141
2020-01-25	166	142
2020-01-26	165	144
2020-01-27	166	144
2020-01-28	167	144
2020-01-29	167	144
2020-01-30	167	144
2020-01-31	168	144
2020-02-01	168	144
2020-02-02	170	145
2020-02-03	170	145
2020-02-04	170	146
2020-02-05	169	147
2020-02-06	169	147
2020-02-07	169	147
2020-02-08	169	147
2020-02-09	168	148
2020-02-10	171	148
2020-02-11	172	148
2020-02-12	168	152
2020-02-13	168	152
2020-02-14	170	152
2020-02-15	170	152
2020-02-16	170	152
2020-02-17	170	152
2020-02-18	170	152
2020-02-19	170	152
2020-02-20	170	153
2020-02-21	170	153
2020-02-22	170	153
2020-02-23	170	153
2020-02-24	171	153
2020-02-25	168	156
2020-02-26	169	156
2020-02-27	161	164
2020-02-28	161	164
2020-02-29	161	164
2020-03-01	162	164
2020-03-02	161	165
2020-03-03	161	165
2020-03-04	161	165
2020-03-05	164	165
2020-03-06	167	165
2020-03-07	168	165
2020-03-08	168	165
2020-03-09	168	165
2020-03-10	169	167
2020-03-11	168	168
2020-03-12	168	168
2020-03-13	168	168
2020-03-14	168	168
2020-03-15	168	168
2020-03-16	169	168
2020-03-17	169	168
2020-03-18	169	168
2020-03-19	169	168
2020-03-20	169	168
2020-03-21	169	168
2020-03-22	169	168
2020-03-23	170	170
2020-03-24	170	170
2020-03-25	171	170
2020-03-26	172	170
2020-03-27	174	171
2020-03-28	174	171
2020-03-29	173	174
2020-03-30	175	174
2020-03-31	177	174
2020-04-01	177	174
2020-04-02	175	176
2020-04-03	178	176
2020-04-04	178	176
2020-04-05	178	176
2020-04-06	178	176
2020-04-07	178	178
2020-04-08	178	178
2020-04-09	180	178
2020-04-10	180	178
2020-04-11	181	178
2020-04-12	180	179
2020-04-13	180	179
2020-04-14	183	179
2020-04-15	183	179
2020-04-16	177	186
2020-04-17	177	186
2020-04-18	177	186
2020-04-19	179	186
2020-04-20	179	186
2020-04-21	180	186
2020-04-22	180	186
2020-04-23	180	186
2020-04-24	181	186
2020-04-25	181	186
2020-04-26	181	186
2020-04-27	182	186
2020-04-28	183	186
2020-04-29	183	186
2020-04-30	183	186
2020-05-01	184	186
2020-05-02	184	186
2020-05-03	184	186
2020-05-04	184	186
2020-05-05	184	186
2020-05-06	184	186
2020-05-07	184	186
2020-05-08	184	186
2020-05-09	185	186
2020-05-10	185	186
2020-05-11	185	186
2020-05-12	185	186
2020-05-13	185	186
2020-05-14	185	186
2020-05-15	184	187
2020-05-16	184	187
2020-05-17	184	187
2020-05-18	184	187
2020-05-19	184	187
2020-05-20	183	188
2020-05-21	183	188
2020-05-22	183	189
2020-05-23	183	189
2020-05-24	183	189
2020-05-25	183	189
2020-05-26	183	189
2020-05-27	183	189
2020-05-28	183	189
2020-05-29	183	189
2020-05-30	184	189
2020-05-31	184	189
2020-06-01	184	189
2020-06-02	185	189
2020-06-03	188	189
2020-06-04	189	189
2020-06-05	190	189
2020-06-06	190	189
2020-06-07	192	189
2020-06-08	191	194
2020-06-09	192	194
2020-06-10	192	194
2020-06-11	192	194
2020-06-12	193	194
2020-06-13	193	194
2020-06-14	193	194
2020-06-15	194	194
2020-06-16	194	194
2020-06-17	194	194
2020-06-18	196	194
2020-06-19	198	195
2020-06-20	198	195
2020-06-21	198	195
2020-06-22	198	195
2020-06-23	199	195
2020-06-24	197	200
2020-06-25	197	201
2020-06-26	198	202
2020-06-27	198	202
2020-06-28	198	202
2020-06-29	199	202
2020-06-30	200	202
2020-07-01	201	202
2020-07-02	201	202
2020-07-03	204	203
2020-07-04	205	203
2020-07-05	207	203
2020-07-06	203	209
2020-07-07	208	209
2020-07-08	208	209
2020-07-09	210	209
2020-07-10	211	209
2020-07-11	210	210
2020-07-12	211	210
2020-07-13	211	210
2020-07-14	211	210
2020-07-15	212	211
2020-07-16	213	211
2020-07-17	213	212
2020-07-18	212	213
2020-07-19	212	213
2020-07-20	212	213
2020-07-21	213	213
2020-07-22	213	213
2020-07-23	213	213
2020-07-24	215	213
2020-07-25	215	213
2020-07-26	215	213
2020-07-27	215	213
2020-07-28	215	213
2020-07-29	215	213
2020-07-30	215	213
2020-07-31	215	213
2020-08-01	216	213
2020-08-02	216	213
2020-08-03	216	213
2020-08-04	217	213
2020-08-05	217	213
2020-08-06	217	213
2020-08-07	217	213
2020-08-08	217	213
2020-08-09	217	213
2020-08-10	217	213
2020-08-11	218	213
2020-08-12	220	213
2020-08-13	220	213
2020-08-14	221	213
2020-08-15	222	214
2020-08-16	224	214
2020-08-17	223	215
2020-08-18	225	215
2020-08-19	225	215
2020-08-20	225	215
2020-08-21	225	215
2020-08-22	225	215
2020-08-23	225	215
2020-08-24	227	215
2020-08-25	228	215
2020-08-26	228	215
2020-08-27	229	215
2020-08-28	229	215
2020-08-29	229	215
2020-08-30	230	215
2020-08-31	230	215
2020-09-01	232	215
2020-09-02	231	216
2020-09-03	231	216
2020-09-04	231	216
2020-09-05	231	216
2020-09-06	231	216
2020-09-07	231	216
2020-09-08	231	216
2020-09-09	231	216
2020-09-10	231	216
2020-09-11	232	216
2020-09-12	228	221
2020-09-13	230	221
2020-09-14	230	222
2020-09-15	230	222
2020-09-16	230	222
2020-09-17	230	222
2020-09-18	232	222
2020-09-19	231	223
2020-09-20	231	224
2020-09-21	229	226
2020-09-22	232	226
2020-09-23	232	226
2020-09-24	234	226
2020-09-25	236	226
2020-09-26	236	226
2020-09-27	236	226
2020-09-28	236	226
2020-09-29	237	226
2020-09-30	237	226
2020-10-01	237	226
2020-10-02	237	226
2020-10-03	238	227
2020-10-04	240	229
2020-10-05	243	229
2020-10-06	243	229
2020-10-07	244	229
2020-10-08	244	229
2020-10-09	244	229
2020-10-10	243	230
2020-10-11	243	230
2020-10-12	243	230
2020-10-13	243	230
2020-10-14	245	230
2020-10-15	246	230
2020-10-16	246	230
2020-10-17	246	230
2020-10-18	246	230
2020-10-19	246	230
2020-10-20	247	230
2020-10-21	248	230
2020-10-22	248	230
2020-10-23	248	230
2020-10-24	247	231
2020-10-25	247	231
2020-10-26	247	231
2020-10-27	247	231
2020-10-28	247	231
2020-10-29	247	231
2020-10-30	248	231
2020-10-31	235	244
2020-11-01	235	244
2020-11-02	237	244
2020-11-03	238	244
2020-11-04	238	244
2020-11-05	238	244
2020-11-06	238	244
2020-11-07	238	244
2020-11-08	238	244
2020-11-09	238	244
2020-11-10	239	244
2020-11-11	240	244
2020-11-12	240	244
2020-11-13	240	244
2020-11-14	240	244
2020-11-15	240	244
2020-11-16	240	244
2020-11-17	240	244
2020-11-18	240	244
2020-11-19	240	244
2020-11-20	240	244
2020-11-21	240	244
2020-11-22	241	244
2020-11-23	242	244
2020-11-24	242	244
2020-11-25	241	245
2020-11-26	241	245
2020-11-27	241	245
2020-11-28	241	245
2020-11-29	241	245
2020-11-30	243	245
2020-12-01	243	245
2020-12-02	243	245
2020-12-03	243	245
2020-12-04	243	245
2020-12-05	243	245
2020-12-06	243	245
2020-12-07	243	245
2020-12-08	244	245
2020-12-09	244	245
2020-12-10	244	245
2020-12-11	244	245
2020-12-12	244	245
2020-12-13	245	245
2020-12-14	245	245
2020-12-15	245	245
2020-12-16	245	245
2020-12-17	245	245
2020-12-18	245	245
2020-12-19	245	245
2020-12-20	245	245
2020-12-21	245	246
2020-12-22	245	246
2020-12-23	245	246
2020-12-24	244	247
2020-12-25	244	247
2020-12-26	244	247
2020-12-27	244	247
2020-12-28	245	247
2020-12-29	245	247
2020-12-30	245	247
2020-12-31	245	248
2021-01-01	239	256
2021-01-02	239	256
2021-01-03	239	256
2021-01-04	239	256
2021-01-05	239	256
2021-01-06	239	256
2021-01-07	234	261
2021-01-08	234	261
2021-01-09	234	261
2021-01-10	234	261
2021-01-11	234	261
2021-01-12	234	262
2021-01-13	233	263
2021-01-14	223	273
2021-01-15	225	273
2021-01-16	226	274
2021-01-17	226	274
2021-01-18	226	275
2021-01-19	225	277
2021-01-20	223	279
2021-01-21	223	279
2021-01-22	223	279
2021-01-23	223	279
2021-01-24	223	279
2021-01-25	224	279
2021-01-26	224	279
2021-01-27	224	279
2021-01-28	224	279
2021-01-29	224	279
2021-01-30	224	279
2021-01-31	224	279
2021-02-01	223	280
2021-02-02	223	280
2021-02-03	211	292
2021-02-04	211	292
2021-02-05	211	292
2021-02-06	211	292
2021-02-07	210	293
2021-02-08	210	293
2021-02-09	210	293
2021-02-10	210	293
2021-02-11	210	293
2021-02-12	210	293
2021-02-13	211	293
2021-02-14	211	293
2021-02-15	212	293
2021-02-16	212	293
2021-02-17	212	293
2021-02-18	212	293
2021-02-19	212	293
2021-02-20	212	293
2021-02-21	212	293
2021-02-22	213	293
2021-02-23	213	293
2021-02-24	213	293
2021-02-25	213	293
2021-02-26	213	293
2021-02-27	213	293
2021-02-28	213	293
2021-03-01	213	293
2021-03-02	213	293
2021-03-03	213	293
2021-03-04	213	293
2021-03-05	213	293
2021-03-06	213	293
2021-03-07	213	293
2021-03-08	213	293
2021-03-09	213	293
2021-03-10	213	293
2021-03-11	214	293
2021-03-12	214	293
2021-03-13	214	293
2021-03-14	214	293
2021-03-15	214	293
2021-03-16	214	293
2021-03-17	214	293
2021-03-18	214	293
2021-03-19	214	293
2021-03-20	215	293
2021-03-21	215	293
2021-03-22	215	293
2021-03-23	215	293
2021-03-24	215	293
2021-03-25	215	293
2021-03-26	215	293
2021-03-27	215	293
2021-03-28	215	293
2021-03-29	215	293
2021-03-30	215	293
2021-03-31	215	293
2021-04-01	215	293
2021-04-02	215	293
2021-04-03	215	293
2021-04-04	214	294
2021-04-05	214	294
2021-04-06	215	294
2021-04-07	215	294
2021-04-08	216	294
2021-04-09	216	294
2021-04-10	215	295
2021-04-11	215	295
2021-04-12	215	296
2021-04-13	214	297
2021-04-14	214	297
2021-04-15	213	298
2021-04-16	213	298
2021-04-17	213	298
2021-04-18	213	298
2021-04-19	213	298
2021-04-20	212	300
2021-04-21	210	302
2021-04-22	210	302
2021-04-23	210	302
2021-04-24	210	302
2021-04-25	210	302
2021-04-26	210	302
2021-04-27	210	302
2021-04-28	219	302
2021-04-29	219	302
2021-04-30	219	302
2021-05-01	219	302
2021-05-02	224	302
2021-05-03	221	305
2021-05-04	221	305
2021-05-05	222	305
2021-05-06	223	305
2021-05-07	224	305
2021-05-08	225	305
2021-05-09	225	305
2021-05-10	226	305
2021-05-11	226	305
2021-05-12	226	305
2021-05-13	226	305
2021-05-14	227	305
2021-05-15	227	305
2021-05-16	228	305
2021-05-17	228	305
2021-05-18	229	305
2021-05-19	231	305
2021-05-20	231	305
2021-05-21	232	305
2021-05-22	232	305
2021-05-23	233	305
2021-05-24	233	305
2021-05-25	232	306
2021-05-26	234	306
2021-05-27	234	306
2021-05-28	234	306
2021-05-29	234	306
2021-05-30	234	306
2021-05-31	237	306
2021-06-01	238	306
2021-06-02	238	306
2021-06-03	238	306
2021-06-04	238	306
2021-06-05	238	306
2021-06-06	238	306
2021-06-07	239	306
2021-06-08	239	306
2021-06-09	239	306
2021-06-10	239	306
2021-06-11	240	306
2021-06-12	240	306
2021-06-13	240	306
2021-06-14	240	306
2021-06-15	241	306
2021-06-16	242	306
2021-06-17	242	306
2021-06-18	242	306
2021-06-19	242	306
2021-06-20	240	308
2021-06-21	240	308
2021-06-22	240	308
2021-06-23	240	308
2021-06-24	237	311
2021-06-25	237	311
2021-06-26	237	311
2021-06-27	237	311
2021-06-28	238	311
2021-06-29	235	316
2021-06-30	236	316
2021-07-01	236	316
2021-07-02	236	316
2021-07-03	240	317
2021-07-04	238	319
2021-07-05	238	319
2021-07-06	238	319
2021-07-07	238	319
2021-07-08	237	320
2021-07-09	237	320
2021-07-10	237	320
2021-07-11	237	320
2021-07-12	237	320
2021-07-13	237	320
2021-07-14	237	320
2021-07-15	238	320
2021-07-16	238	320
2021-07-17	239	320
2021-07-18	239	320
2021-07-19	239	320
2021-07-20	240	320
2021-07-21	240	320
2021-07-22	240	320
2021-07-23	240	320
2021-07-24	240	320
2021-07-25	239	321
2021-07-26	239	321
2021-07-27	239	321
2021-07-28	240	321
2021-07-29	241	321
2021-07-30	241	321
2021-07-31	241	321
2021-08-01	241	321
2021-08-02	241	321
2021-08-03	241	321
2021-08-04	241	321
2021-08-05	241	321
2021-08-06	243	321
2021-08-07	244	321
2021-08-08	239	328
2021-08-09	239	328
2021-08-10	239	328
2021-08-11	239	328
2021-08-12	240	328
2021-08-13	240	328
2021-08-14	240	328
2021-08-15	240	328
2021-08-16	240	328
2021-08-17	240	328
2021-08-18	240	328
2021-08-19	240	328
2021-08-20	240	328
2021-08-21	240	328
2021-08-22	240	328
2021-08-23	240	328
2021-08-24	240	328
2021-08-25	240	328
2021-08-26	240	328
2021-08-27	240	328
2021-08-28	240	328
2021-08-29	240	328
2021-08-30	240	328
2021-08-31	240	328
2021-09-01	240	328
2021-09-02	240	328
2021-09-03	240	328
2021-09-04	240	328
2021-09-05	240	328
2021-09-06	240	328
2021-09-07	241	328
2021-09-08	241	328
2021-09-09	241	328
2021-09-10	241	328
2021-09-11	240	329
2021-09-12	240	329
2021-09-13	242	329
2021-09-14	242	329
2021-09-15	242	329
2021-09-16	243	329
2021-09-17	243	329
2021-09-18	244	329
2021-09-19	244	329
2021-09-20	244	329
2021-09-21	244	329
2021-09-22	244	329
2021-09-23	244	329
2021-09-24	244	329
2021-09-25	244	329
2021-09-26	244	329
2021-09-27	244	329
2021-09-28	244	329
2021-09-29	243	330
2021-09-30	244	330
2021-10-01	244	330
2021-10-02	245	330
2021-10-03	245	330
2021-10-04	246	330
2021-10-05	246	330
2021-10-06	246	330
2021-10-07	246	330
2021-10-08	248	330
2021-10-09	248	330
2021-10-10	248	330
2021-10-11	249	330
2021-10-12	250	330
2021-10-13	250	330
2021-10-14	250	330
2021-10-15	248	332
2021-10-16	248	332
2021-10-17	248	332
2021-10-18	248	332
2021-10-19	237	345
2021-10-20	237	345
2021-10-21	237	345
2021-10-22	238	345
2021-10-23	238	345
2021-10-24	238	345
2021-10-25	238	345
2021-10-26	238	345
2021-10-27	238	345
2021-10-28	237	346
2021-10-29	237	346
2021-10-30	236	347
2021-10-31	236	347
2021-11-01	236	347
2021-11-02	236	348
2021-11-03	236	348
2021-11-04	236	348
2021-11-05	236	348
2021-11-06	235	349
2021-11-07	234	350
2021-11-08	235	350
2021-11-09	235	350
2021-11-10	235	350
2021-11-11	235	350
2021-11-12	235	350
2021-11-13	235	350
2021-11-14	235	350
2021-11-15	235	350
2021-11-16	235	350
2021-11-17	235	350
2021-11-18	235	350
2021-11-19	235	350
2021-11-20	235	350
2021-11-21	235	350
2021-11-22	236	350
2021-11-23	236	350
2021-11-24	236	350
2021-11-25	237	350
2021-11-26	237	350
2021-11-27	237	350
2021-11-28	237	350
2021-11-29	238	350
2021-11-30	238	350
2021-12-01	238	350
2021-12-02	238	350
2021-12-03	238	350
2021-12-04	238	350
2021-12-05	238	350
2021-12-06	238	350
2021-12-07	238	350
2021-12-08	238	350
2021-12-09	238	350
2021-12-10	238	350
2021-12-11	239	350
2021-12-12	239	350
2021-12-13	239	350
2021-12-14	239	351
2021-12-15	242	352
2021-12-16	243	352
2021-12-17	244	352
2021-12-18	244	352
2021-12-19	244	352
2021-12-20	243	353
2021-12-21	244	353
2021-12-22	245	353
2021-12-23	245	353
2021-12-24	245	353
2021-12-25	245	353
2021-12-26	245	353
2021-12-27	245	353
2021-12-28	245	353
2021-12-29	244	354
2021-12-30	244	354
2021-12-31	244	354
2022-01-01	244	354
2022-01-02	245	354
2022-01-03	244	355
2022-01-04	244	355
2022-01-05	245	355
2022-01-06	245	355
2022-01-07	245	355
2022-01-08	245	355
2022-01-09	245	355
2022-01-10	245	355
2022-01-11	245	355
2022-01-12	245	355
2022-01-13	245	355
2022-01-14	245	355
2022-01-15	245	355
2022-01-16	245	355
2022-01-17	244	356
2022-01-18	244	356
2022-01-19	244	356
2022-01-20	244	356
2022-01-21	242	358
2022-01-22	242	358
2022-01-23	242	358
2022-01-24	242	358
2022-01-25	243	358
2022-01-26	243	358
2022-01-27	243	358
2022-01-28	243	358
2022-01-29	243	358
2022-01-30	243	358
2022-01-31	243	358
2022-02-01	243	358
2022-02-02	243	358
2022-02-03	244	358
2022-02-04	244	358
2022-02-05	244	358
2022-02-06	224	378
2022-02-07	224	380
2022-02-08	225	380
2022-02-09	225	380
2022-02-10	226	380
2022-02-11	226	380
2022-02-12	226	380
2022-02-13	227	380
2022-02-14	227	380
2022-02-15	228	380
2022-02-16	228	380
2022-02-17	228	380
2022-02-18	228	380
2022-02-19	229	380
2022-02-20	229	380
2022-02-21	230	380
2022-02-22	231	380
2022-02-23	231	380
2022-02-24	231	380
2022-02-25	231	380
2022-02-26	231	380
2022-02-27	231	380
2022-02-28	231	380
2022-03-01	231	380
2022-03-02	231	380
2022-03-03	231	380
2022-03-04	231	380
2022-03-05	231	380
2022-03-06	231	380
2022-03-07	231	380
2022-03-08	231	380
2022-03-09	231	380
2022-03-10	231	380
2022-03-11	231	380
2022-03-12	231	380
2022-03-13	231	380
2022-03-14	231	380
2022-03-15	232	380
2022-03-16	231	381
2022-03-17	230	382
2022-03-18	230	382
2022-03-19	230	382
2022-03-20	230	382
2022-03-21	229	383
2022-03-22	230	383
2022-03-23	230	383
2022-03-24	229	384
2022-03-25	229	384
2022-03-26	229	384
2022-03-27	229	384
2022-03-28	229	384
2022-03-29	229	384
2022-03-30	230	384
2022-03-31	230	384
2022-04-01	230	384
2022-04-02	230	384
2022-04-03	230	384
2022-04-04	230	384
2022-04-05	230	384
2022-04-06	230	384
2022-04-07	230	384
2022-04-08	230	384
2022-04-09	230	384
2022-04-10	230	384
2022-04-11	231	384
2022-04-12	231	384
2022-04-13	231	384
2022-04-14	231	384
2022-04-15	231	384
2022-04-16	231	384
2022-04-17	231	384
2022-04-18	231	384
2022-04-19	231	384
2022-04-20	231	384
2022-04-21	231	384
2022-04-22	231	384
2022-04-23	231	384
2022-04-24	231	384
2022-04-25	231	384
2022-04-26	231	384
2022-04-27	232	384
2022-04-28	232	384
2022-04-29	232	384
2022-04-30	232	384
2022-05-01	232	384
2022-05-02	232	384
2022-05-03	231	385
2022-05-04	231	385
2022-05-05	231	385
2022-05-06	231	385
2022-05-07	231	385
2022-05-08	231	385
2022-05-09	230	386
2022-05-10	230	386
2022-05-11	230	386
2022-05-12	230	386
2022-05-13	231	386
2022-05-14	231	386
2022-05-15	231	386
2022-05-16	231	386
2022-05-17	231	386
2022-05-18	231	386
2022-05-19	231	386
2022-05-20	231	386
2022-05-21	231	386
2022-05-22	231	386
2022-05-23	231	386
2022-05-24	231	386
2022-05-25	231	386
2022-05-26	231	386
2022-05-27	231	386
2022-05-28	231	386
2022-05-29	231	386
2022-05-30	231	386
2022-05-31	231	386
2022-06-01	231	386
2022-06-02	231	386
2022-06-03	231	386
2022-06-04	232	386
2022-06-05	232	386
2022-06-06	232	386
2022-06-07	232	387
2022-06-08	232	387
2022-06-09	232	387
2022-06-10	232	387
2022-06-11	232	387
2022-06-12	232	387
2022-06-13	232	387
2022-06-14	232	387
2022-06-15	232	387
2022-06-16	232	387
2022-06-17	232	387
2022-06-18	232	387
2022-06-19	232	387
2022-06-20	232	387
2022-06-21	230	390
2022-06-22	230	390
2022-06-23	230	390
2022-06-24	230	390
2022-06-25	230	390
2022-06-26	230	390
2022-06-27	231	390
2022-06-28	231	390
2022-06-29	231	390
2022-06-30	231	390
2022-07-01	231	390
2022-07-02	231	390
2022-07-03	231	390
2022-07-04	230	391
2022-07-05	230	391
2022-07-06	230	391
2022-07-07	230	391
2022-07-08	230	391
2022-07-09	230	391
2022-07-10	231	391
2022-07-11	231	391
2022-07-12	231	391
2022-07-13	231	391
2022-07-14	231	391
2022-07-15	231	391
2022-07-16	231	391
2022-07-17	231	391
2022-07-18	231	391
2022-07-19	231	391
2022-07-20	231	391
2022-07-21	231	391
2022-07-22	232	391
2022-07-23	232	391
2022-07-24	232	391
2022-07-25	232	391
2022-07-26	232	391
2022-07-27	232	391
2022-07-28	232	391
2022-07-29	232	391
2022-07-30	232	391
2022-07-31	232	392
2022-08-01	232	392
2022-08-02	232	392
2022-08-03	232	392
2022-08-04	232	392
2022-08-05	232	392
2022-08-06	232	392
2022-08-07	231	393
2022-08-08	231	393
2022-08-09	231	393
2022-08-10	231	393
2022-08-11	231	393
2022-08-12	232	393
2022-08-13	233	393
2022-08-14	233	393
2022-08-15	235	393
2022-08-16	235	393
2022-08-17	236	393
2022-08-18	236	393
2022-08-19	236	393
2022-08-20	236	393
2022-08-21	236	393
2022-08-22	235	394
2022-08-23	236	394
2022-08-24	236	394
2022-08-25	236	394
2022-08-26	236	394
2022-08-27	237	394
2022-08-28	234	397
2022-08-29	235	397
2022-08-30	235	397
2022-08-31	235	397
2022-09-01	235	397
2022-09-02	235	397
2022-09-03	236	397
2022-09-04	237	397
2022-09-05	237	397
2022-09-06	238	397
2022-09-07	238	397
2022-09-08	238	397
2022-09-09	238	397
2022-09-10	239	397
2022-09-11	238	398
2022-09-12	237	399
2022-09-13	237	399
2022-09-14	237	399
2022-09-15	237	399
2022-09-16	237	399
2022-09-17	237	399
2022-09-18	237	399
2022-09-19	237	399
2022-09-20	239	399
2022-09-21	239	399
2022-09-22	239	399
2022-09-23	238	400
2022-09-24	238	400
2022-09-25	238	400
2022-09-26	238	400
2022-09-27	238	400
2022-09-28	238	400
2022-09-29	238	400
2022-09-30	238	400
2022-10-01	238	400
2022-10-02	238	400
2022-10-03	238	400
2022-10-04	238	400
2022-10-05	238	400
2022-10-06	238	400
2022-10-07	238	400
2022-10-08	238	400
2022-10-09	238	400
2022-10-10	238	400
2022-10-11	238	400
2022-10-12	238	400
2022-10-13	238	400
2022-10-14	238	400
2022-10-15	238	400
2022-10-16	238	400
2022-10-17	241	400
2022-10-18	241	400
2022-10-19	241	400
2022-10-20	241	400
2022-10-21	242	400
2022-10-22	242	400
2022-10-23	242	400
2022-10-24	242	401
2022-10-25	242	401
2022-10-26	242	401
2022-10-27	242	401
2022-10-28	242	401
2022-10-29	242	401
2022-10-30	242	401
2022-10-31	242	401
2022-11-01	242	401
2022-11-02	242	401
2022-11-03	232	411
2022-11-04	232	411
2022-11-05	232	411
2022-11-06	232	411
2022-11-07	232	411
2022-11-08	232	411
2022-11-09	232	411
2022-11-10	232	411
2022-11-11	232	411
2022-11-12	232	411
2022-11-13	232	411
2022-11-14	232	411
2022-11-15	232	411
2022-11-16	232	411
2022-11-17	232	411
2022-11-18	232	411
2022-11-19	233	411
2022-11-20	233	411
2022-11-21	232	412
2022-11-22	234	412
2022-11-23	254	412
2022-11-24	257	415
2022-11-25	257	415
2022-11-26	253	419
2022-11-27	253	419
2022-11-28	253	419
2022-11-29	253	419
2022-11-30	254	419
2022-12-01	255	420
2022-12-02	255	420
2022-12-03	255	421
2022-12-04	255	421
2022-12-05	259	421
2022-12-06	260	421
2022-12-07	261	421
2022-12-08	260	422
2022-12-09	260	422
2022-12-10	260	422
2022-12-11	260	422
2022-12-12	260	423
2022-12-13	260	423
2022-12-14	260	423
2022-12-15	260	423
2022-12-16	259	424
2022-12-17	259	424
2022-12-18	260	424
2022-12-19	259	425
2022-12-20	259	425
2022-12-21	259	425
2022-12-22	259	425
2022-12-23	260	425
2022-12-24	260	425
2022-12-25	260	425
2022-12-26	260	425
2022-12-27	261	425
2022-12-28	263	425
2022-12-29	263	425
2022-12-30	263	425
2022-12-31	263	425
2023-01-01	262	426
2023-01-02	262	426
2023-01-03	261	427
2023-01-04	262	427
2023-01-05	262	427
2023-01-06	262	427
2023-01-07	262	427
2023-01-08	262	427
2023-01-09	262	427
2023-01-10	262	427
2023-01-11	263	428
2023-01-12	264	428
2023-01-13	264	428
2023-01-14	264	428
2023-01-15	264	428
2023-01-16	264	428
2023-01-17	264	429
2023-01-18	266	429
2023-01-19	265	430
2023-01-20	265	430
2023-01-21	268	430
2023-01-22	268	430
2023-01-23	266	432
2023-01-24	266	432
2023-01-25	265	433
2023-01-26	265	433
2023-01-27	265	433
2023-01-28	265	433
2023-01-29	265	433
2023-01-30	265	433
2023-01-31	265	433
2023-02-01	266	433
2023-02-02	266	433
2023-02-03	266	433
2023-02-04	266	433
2023-02-05	266	433
2023-02-06	266	433
2023-02-07	266	433
2023-02-08	266	433
2023-02-09	266	433
2023-02-10	266	433
2023-02-11	266	433
2023-02-12	266	433
2023-02-13	266	433
2023-02-14	266	433
2023-02-15	266	433
2023-02-16	266	433
2023-02-17	266	433
2023-02-18	266	433
2023-02-19	266	433
2023-02-20	266	433
2023-02-21	266	433
2023-02-22	266	433
2023-02-23	266	433
2023-02-24	265	434
2023-02-25	265	434
2023-02-26	265	434
2023-02-27	265	434
2023-02-28	265	434
2023-03-01	265	434
2023-03-02	265	434
2023-03-03	265	434
2023-03-04	265	434
2023-03-05	265	434
2023-03-06	265	434
2023-03-07	265	434
2023-03-08	265	434
2023-03-09	265	434
2023-03-10	265	434
2023-03-11	265	434
2023-03-12	266	434
2023-03-13	266	434
2023-03-14	266	434
2023-03-15	266	434
2023-03-16	266	434
2023-03-17	266	434
2023-03-18	267	434
2023-03-19	267	434
2023-03-20	267	434
2023-03-21	267	434
2023-03-22	267	434
2023-03-23	267	434
2023-03-24	267	434
2023-03-25	267	435
2023-03-26	268	435
2023-03-27	268	435
2023-03-28	268	435
2023-03-29	268	435
2023-03-30	268	435
2023-03-31	269	435
2023-04-01	270	435
2023-04-02	270	435
2023-04-03	270	435
2023-04-04	270	435
2023-04-05	270	435
2023-04-06	270	435
2023-04-07	270	435
2023-04-08	270	435
2023-04-09	270	435
2023-04-10	270	435
2023-04-11	270	435
2023-04-12	270	435
2023-04-13	270	435
2023-04-14	270	435
2023-04-15	270	435
2023-04-16	270	435
2023-04-17	270	435
2023-04-18	270	435
2023-04-19	270	435
2023-04-20	270	435
2023-04-21	270	435
2023-04-22	270	435
2023-04-23	270	435
2023-04-24	270	435
2023-04-25	270	435
2023-04-26	270	435
2023-04-27	270	435
2023-04-28	270	435
2023-04-29	270	435
2023-04-30	271	435
2023-05-01	271	435
2023-05-02	271	435
2023-05-03	270	436
2023-05-04	270	436
2023-05-05	270	436
2023-05-06	270	436
2023-05-07	270	436
2023-05-08	270	436
2023-05-09	270	436
2023-05-10	270	436
2023-05-11	270	436
2023-05-12	270	436
2023-05-13	270	436
2023-05-14	270	436
2023-05-15	271	436
2023-05-16	271	436
2023-05-17	271	436
2023-05-18	271	436
2023-05-19	271	436
2023-05-20	271	436
2023-05-21	272	436
2023-05-22	272	436
2023-05-23	272	436
2023-05-24	272	436
2023-05-25	272	436
2023-05-26	272	436
2023-05-27	272	436
2023-05-28	272	436
2023-05-29	272	436
2023-05-30	272	436
2023-05-31	272	436
2023-06-01	272	436
2023-06-02	272	436
2023-06-03	272	436
2023-06-04	272	436
2023-06-05	272	436
2023-06-06	272	436
2023-06-07	272	436
2023-06-08	272	436
2023-06-09	272	436
2023-06-10	272	436
2023-06-11	272	436
2023-06-12	272	436
2023-06-13	270	438
2023-06-14	270	438
2023-06-15	270	438
2023-06-16	270	438
2023-06-17	270	438
2023-06-18	270	438
2023-06-19	270	438
2023-06-20	270	438
2023-06-21	270	438
2023-06-22	270	438
2023-06-23	270	438
2023-06-24	270	438
2023-06-25	270	438
2023-06-26	270	438
2023-06-27	270	438
2023-06-28	270	438
2023-06-29	270	438
2023-06-30	270	438
2023-07-01	270	438
2023-07-02	270	438
2023-07-03	270	438
2023-07-04	270	438
2023-07-05	270	438
2023-07-06	270	438
2023-07-07	270	438
2023-07-08	270	438
2023-07-09	270	438
2023-07-10	270	438
2023-07-11	270	438
2023-07-12	270	438
2023-07-13	270	438
2023-07-14	270	438
2023-07-15	270	438
2023-07-16	270	438
2023-07-17	270	438
2023-07-18	270	438
2023-07-19	270	438
2023-07-20	270	438
2023-07-21	270	438
2023-07-22	270	438
2023-07-23	270	438
2023-07-24	270	438
2023-07-25	270	438
2023-07-26	270	438
2023-07-27	270	438
2023-07-28	270	438
2023-07-29	270	438
2023-07-30	270	438
2023-07-31	270	438
2023-08-01	270	438
2023-08-02	270	438
2023-08-03	270	438
2023-08-04	270	438
2023-08-05	270	438
2023-08-06	270	438
2023-08-07	271	438
2023-08-08	271	438
2023-08-09	271	438
2023-08-10	271	438
2023-08-11	271	438
2023-08-12	271	438
2023-08-13	271	438
2023-08-14	271	438
2023-08-15	271	438
2023-08-16	271	438
2023-08-17	271	438
2023-08-18	271	438
2023-08-19	271	438
2023-08-20	271	438
2023-08-21	271	438
2023-08-22	271	438
2023-08-23	271	438
2023-08-24	270	439
2023-08-25	269	440
2023-08-26	269	440
2023-08-27	269	440
2023-08-28	267	442
2023-08-29	267	442
2023-08-30	267	442
2023-08-31	264	445
2023-09-01	264	445
2023-09-02	264	445
2023-09-03	264	445
2023-09-04	264	445
2023-09-05	264	445
2023-09-06	264	445
2023-09-07	264	445
2023-09-08	265	445
2023-09-09	265	445
2023-09-10	265	445
2023-09-11	265	445
2023-09-12	265	445
2023-09-13	265	445
2023-09-14	265	445
2023-09-15	265	445
2023-09-16	265	445
2023-09-17	265	445
2023-09-18	265	445
2023-09-19	265	445
2023-09-20	265	445
2023-09-21	265	445
2023-09-22	265	445
2023-09-23	266	445
2023-09-24	266	445
2023-09-25	266	445
2023-09-26	266	445
2023-09-27	266	445
2023-09-28	266	445
2023-09-29	266	445
2023-09-30	266	445
2023-10-01	266	445
2023-10-02	266	445
2023-10-03	266	445
2023-10-04	266	445
2023-10-05	266	445
2023-10-06	266	445
2023-10-07	266	445
2023-10-08	266	445
2023-10-09	266	445
2023-10-10	266	445
2023-10-11	266	445
2023-10-12	266	445
2023-10-13	266	445
2023-10-14	266	445
2023-10-15	266	445
2023-10-16	266	445
2023-10-17	266	445
2023-10-18	266	445
2023-10-19	266	445
2023-10-20	266	445
2023-10-21	266	445
2023-10-22	266	445
2023-10-23	266	445
2023-10-24	266	445
2023-10-25	266	445
2023-10-26	266	445
2023-10-27	266	445
2023-10-28	266	445
2023-10-29	266	445
2023-10-30	264	447
2023-10-31	264	447
2023-11-01	264	447
2023-11-02	264	447
2023-11-03	263	448
2023-11-04	263	448
2023-11-05	263	448
2023-11-06	263	448
2023-11-07	263	448
2023-11-08	263	448
2023-11-09	263	448
2023-11-10	263	448
2023-11-11	263	448
2023-11-12	264	448
2023-11-13	263	449
2023-11-14	263	449
2023-11-15	263	449
2023-11-16	263	449
2023-11-17	263	449
2023-11-18	263	449
2023-11-19	264	449
2023-11-20	264	449
2023-11-21	264	449
2023-11-22	264	449
2023-11-23	264	449
2023-11-24	264	449
2023-11-25	264	449
2023-11-26	265	449
2023-11-27	265	449
2023-11-28	265	449
2023-11-29	264	450
2023-11-30	264	450
2023-12-01	264	450
2023-12-02	264	450
2023-12-03	264	450
2023-12-04	264	450
2023-12-05	264	450
2023-12-06	264	450
2023-12-07	264	450
2023-12-08	264	450
2023-12-09	264	450
2023-12-10	264	450
2023-12-11	264	450
2023-12-12	264	450
2023-12-13	264	450
2023-12-14	264	450
2023-12-15	264	450
2023-12-16	265	450
2023-12-17	265	450
2023-12-18	265	450
2023-12-19	265	450
2023-12-20	265	450
2023-12-21	265	450
2023-12-22	265	450
2023-12-23	265	450
2023-12-24	265	450
2023-12-25	265	450
2023-12-26	265	450
2023-12-27	265	450
2023-12-28	265	450
2023-12-29	265	450
2023-12-30	265	450
2023-12-31	265	450
2024-01-01	265	450
2024-01-02	265	450
2024-01-03	265	450
2024-01-04	265	450
2024-01-05	265	450
2024-01-06	265	450
2024-01-07	265	450
2024-01-08	265	450
2024-01-09	265	450
2024-01-10	265	450
2024-01-11	269	450
2024-01-12	269	450
2024-01-13	269	450
2024-01-14	269	450
2024-01-15	269	450
2024-01-16	269	450
2024-01-17	270	450
2024-01-18	268	452
2024-01-19	268	452
